1,0,1000,31.2026,11.0956,12.5788,P0,0.837884,76238.3,N
2,1000,2000,31.4154,11.5594,12.7917,P0,0.811657,88108.6,N
3,2000,3000,32.0421,11.3223,12.5404,P0,0.854491,110026,N
4,3000,4000,32.5862,11.4526,12.479,P0,0.771704,107802,N
5,4000,5000,33.7902,11.7388,11.4331,P0,0.815484,138333,N
6,5000,6000,33.3287,11.8886,11.2834,P0,0.867251,183754,N
7,6000,7000,33.8927,12.624,11.2039,P0,0.832924,173672,N
8,7000,8000,33.3062,13.4732,10.9548,P0,0.845935,184104,N
9,8000,9000,33.8117,15.0248,11.5097,P0,0.844713,197789,N
10,9000,10000,34.3324,16.8228,10.5753,P0,0.820574,235441,N
11,10000,11000,34.6964,20.0514,10.4338,P0,0.783138,198046,N
12,11000,12000,33.179,23.9252,10.362,P0,0.524519,416699,N
13,12000,13000,32.6839,25.8299,10.3897,P0,0.618634,469339,N
14,13000,14000,32.0408,27.7114,10.1593,P0,0.630856,472142,N
15,14000,15000,32.219,29.7009,10.0971,P0,0.64413,436501,N
16,15000,16000,32.1526,30.5379,10.2845,P0,0.677824,483142,N
17,16000,17000,32.0011,30.9209,10.0795,P0,0.684496,533648,N
18,17000,18000,32.0199,30.8708,9.84229,P0,0.691049,490901,N
19,18000,19000,31.5009,31.0089,10.2434,P0,0.735205,432177,N
20,19000,20000,31.7545,30.8672,9.94275,P0,0.713387,356383,N
21,20000,21000,31.8859,29.9197,9.84115,P0,0.729987,331422,N
22,21000,22000,31.729,29.8771,10.0792,P0,0.702836,303678,N
23,22000,23000,32.1679,28.73,10.1471,P0,0.66981,315366,N
24,23000,24000,32.4496,28.5239,10.3821,P0,0.571553,302467,D
25,24000,25000,32.7847,27.1341,10.2987,P0,0.519093,320639,D
26,25000,26000,33.627,26.6935,10.3463,P0,0.469893,351926,D
27,26000,27000,34.0579,26.5628,9.55974,P0,0.359886,326183,D
28,27000,28000,33.3875,26.7152,9.25252,P0,0.277338,363539,D
29,28000,29000,32.761,28.3489,10.2363,P0,0.236006,360539,D
30,29000,30000,32.1557,29.2559,10.5375,P0,0.199784,350799,D
31,30000,31000,32.379,27.485,10.2622,P0,0.17811,369578,D
32,31000,32000,32.2771,27.7379,10.3167,P0,0.165875,452023,D
33,32000,33000,31.91,28.5231,9.98286,P0,0.145123,383410,D
34,33000,34000,31.5036,28.5577,10.2082,P0,0.106612,382363,D
35,34000,35000,31.3044,30.5148,10.202,P0,0.283824,412587,D
36,35000,36000,29.8648,35.0037,9.59873,AB,0.534055,265596,D
36,35000,36001,33.998,18.9819,10.1657,P1,0.613392,124125,N
37,36000,37000,29.9306,34.533,9.69477,AB,0.530781,257160,D
37,36001,37001,33.6372,18.5647,10.5301,P1,0.750711,132042,N
38,37000,38000,29.4555,34.5394,9.34732,AB,0.563564,292312,D
38,37001,38001,34.1304,18.2816,10.1578,P1,0.780382,146215,N
39,38000,39000,29.5592,34.6287,9.79661,AB,0.534701,284133,D
39,38001,39001,34.1345,17.7394,10.6549,P1,0.802455,175728,N
40,39000,40000,29.7554,35.1511,9.32684,AB,0.660281,240985,N
40,39001,40001,34.8375,16.4958,10.2101,P1,0.793641,178881,N
41,40000,41000,29.8285,35.7496,9.74674,AB,0.667198,236730,N
41,40001,41001,34.5514,15.5332,10.5116,P1,0.803264,180789,N
42,41000,42000,30.0508,36.1537,9.91844,AB,0.650135,220862,N
42,41001,42001,34.2152,14.7515,10.43,P1,0.775526,185241,N
43,42000,43000,30.3045,35.4649,9.94306,AB,0.726241,243857,N
43,42001,43001,33.8301,14.5583,9.80233,P1,0.808308,191418,N
44,43000,44000,30.1496,36.3418,10.0901,AB,0.736025,227168,N
44,43001,44001,33.4629,14.6092,9.93904,P1,0.830147,198984,N
45,44000,45000,30.7034,36.9431,10.2254,AB,0.733346,254991,N
45,44001,45001,33.2987,14.5382,9.86624,P1,0.825443,200828,N
46,45000,46000,30.7108,38.0509,10.5852,AB,0.780814,273370,N
46,45001,46001,33.4084,13.8092,10.095,P1,0.818652,215955,N
47,46000,47000,30.8736,38.3857,10.5806,AB,0.769157,233345,N
47,46001,47001,33.5213,13.7493,10.4928,P1,0.840551,224455,N
48,47000,48000,30.7274,38.2317,9.76903,AB,0.752062,257244,N
48,47001,48001,34.0604,14.1797,10.7989,P1,0.846223,225354,N
49,48000,49000,31.0141,37.9633,9.83617,AB,0.791786,291136,N
49,48001,49001,33.9759,13.9757,10.9017,P1,0.841622,239992,N
50,49000,50000,30.5494,38.1028,9.73138,AB,0.753155,302892,N
50,49001,50001,35.001,14.2659,10.8419,P1,0.851056,236775,N
51,50000,51000,30.6739,37.3065,9.28135,AB,0.724302,320718,N
51,50001,51001,34.766,14.7916,11.3062,P1,0.857621,262829,N
52,51000,52000,30.1943,36.8486,9.17617,AB,0.746923,295475,N
52,51001,52001,34.0713,15.0714,11.2324,P1,0.840523,254763,N
53,52000,53000,30.506,37.17,9.56448,AB,0.743673,349148,N
53,52001,53001,33.812,14.8636,10.5904,P1,0.838883,261993,N
54,53000,54000,30.4122,37.2581,9.37186,AB,0.75904,336848,N
54,53001,54001,33.506,15.4127,10.2572,P1,0.830464,278959,N
55,54000,55000,30.5748,37.1996,9.4057,AB,0.767737,364631,N
55,54001,55001,33.8637,16.1228,10.3534,P1,0.825367,277269,N
56,55000,56000,30.467,37.5907,9.53059,AB,0.7806,344775,N
56,55001,56001,33.3894,16.9842,10.5519,P1,0.805958,292895,N
57,56000,57000,30.1468,37.7083,10.2365,AB,0.77804,323994,N
57,56001,57001,33.5532,17.594,10.2561,P1,0.825649,293636,N
58,57000,58000,29.6735,38.1142,10.3357,AB,0.727096,301766,N
58,57001,58001,32.9856,18.0652,10.1801,P1,0.851153,315232,N
59,58001,59000,32.7437,18.2371,9.98838,P1,0.844633,310681,N
59,58000,59001,29.2703,37.8966,10.0676,AB,0.653015,237907,N
60,59001,60000,29.751,38.9285,10.2071,AB,0.557731,222780,D
60,59000,60001,32.6204,17.8534,10.2917,P1,0.851917,317313,N
61,60001,61000,32.749,18.1647,10.1861,P1,0.845555,318533,N
61,60000,61001,30.1999,39.5569,9.81577,AB,0.548997,235332,D
62,61000,62000,32.6025,18.1132,10.0785,P1,0.857905,318593,N
62,61001,62001,30.3689,39.5345,9.90871,AB,0.517766,218876,D
63,62000,63000,32.9503,17.9099,9.8211,P1,0.830511,318405,N
63,62001,63001,31.2036,39.5188,10.3354,AB,0.428249,233879,D
64,63000,64000,34.3985,18.3372,9.98943,P1,0.807177,307948,N
64,63001,64001,30.8137,39.4686,10.8915,AB,0.356824,269396,D
65,64000,65000,36.5501,19.418,9.64461,P1,0.799526,290760,N
65,64001,65001,27.8699,36.7472,10.3601,AB,0.324039,170425,D
66,65000,66000,37.3108,19.5374,9.45189,P1,0.734485,288343,N
66,65001,66001,28.1651,38.5677,9.80397,AB,0.259596,194413,D
67,66000,67000,37.6754,20.186,9.40898,P1,0.669614,270864,N
67,66001,67001,27.6412,38.8607,10.1443,AB,0.176061,192847,D
68,67000,68000,36.9579,20.3719,9.95787,P1,0.588354,233167,D
68,67001,68001,27.4322,39.4934,10.238,AB,0.147708,214210,D
69,68000,69000,36.5226,20.5272,8.72801,P1,0.464122,262339,D
69,68001,69001,27.5166,40.0767,10.4823,AB,0.152018,193682,D
70,69000,70000,36.6225,20.0158,9.04102,P1,0.37494,257452,D
70,69001,70001,27.8651,40.11,10.6609,AB,0.190709,216301,D
71,70001,71000,28.5037,40.0546,10.7993,AB,0.275371,239913,D
71,70000,71001,36.3527,20.718,9.68931,P1,0.25504,207840,D
72,71001,72000,36.1859,20.5788,9.68434,P1,0.168967,227049,D
72,71000,72001,28.893,40.8005,11.0472,AB,0.218617,208038,D
73,72000,73000,35.6411,13.898,9.68725,P2,0.554829,82544.1,D
73,72000,73001,36.4238,29.0371,9.6613,EMS,0.512477,100651,D
73,72001,73002,27.9847,39.666,11.6959,AB,0.111153,233029,D
74,73002,74000,28.1977,39.9965,11.6283,AB,0.101844,228586,D
74,73001,74001,36.5272,29.8484,9.52188,EMS,0.478423,113421,D
74,73000,74002,35.582,14.6373,9.96321,P2,0.44704,69907.7,D
75,74001,75000,36.3271,30.0963,9.80632,EMS,0.45904,130332,D
75,74002,75001,35.5213,14.1552,9.78358,P2,0.454528,66226,D
75,74000,75002,27.786,39.1992,11.8342,AB,0.104317,243674,D
76,75000,76000,36.817,30.0554,9.60713,EMS,0.462407,117434,D
76,75001,76001,36.1644,14.6577,9.81584,P2,0.356971,71820.2,D
76,75002,76002,25.5112,33.113,11.9737,ABp,0.483367,123651,D
76,75002,76003,30.1593,46.9267,11.5303,ABa,0.498702,135649,D
77,76001,77000,35.9473,13.7088,10.0756,P2,0.429327,92442.7,D
77,76000,77001,36.9921,29.9529,9.45868,EMS,0.509503,113194,D
77,76003,77002,29.8968,46.6922,11.0918,ABa,0.694245,120849,N
77,76002,77003,25.0508,32.87,12.2486,ABp,0.490995,136010,D
78,77001,78000,37.1331,30.125,9.62283,EMS,0.554403,119534,D
78,77000,78001,36.2021,14.1439,10.0282,P2,0.436774,93421.1,D
78,77002,78002,30.4354,47.1402,10.973,ABa,0.733042,120834,N
78,77003,78003,25.0646,32.5819,12.1554,ABp,0.57545,125440,D
79,78002,79000,29.6419,47.6802,10.4393,ABa,0.780301,116233,N
79,78000,79001,37.1632,30.2759,9.46707,EMS,0.56072,120162,D
79,78001,79002,36.1872,13.5735,10.0096,P2,0.50593,92763.9,D
79,78003,79003,24.8945,32.9362,12.1926,ABp,0.630228,102658,N
80,79001,80000,36.9714,31.0061,9.56783,EMS,0.679456,135813,N
80,79000,80001,29.4431,48.5775,10.6733,ABa,0.75777,116776,N
80,79002,80002,36.4328,13.833,9.80149,P2,0.720042,60112.9,N
80,79003,80003,23.9291,32.6103,12.4719,ABp,0.615701,93342.1,N
81,80000,81000,36.4758,31.6188,9.17739,EMS,0.681716,158545,N
81,80001,81001,29.4394,49.3282,10.3198,ABa,0.795076,117859,N
81,80002,81002,36.4609,13.4784,9.63263,P2,0.751203,73203.9,N
81,80003,81003,23.8939,32.4005,12.987,ABp,0.644702,111751,N
82,81000,82000,36.9629,31.8386,9.18834,EMS,0.669058,113317,N
82,81001,82001,29.4061,49.7253,10.3263,ABa,0.739763,90367.1,N
82,81002,82002,36.316,13.1666,9.50001,P2,0.792976,77320.5,N
82,81003,82003,23.8065,31.4471,12.9862,ABp,0.675983,120221,N
83,82001,83000,28.9939,49.9931,10.0052,ABa,0.796606,104842,N
83,82002,83001,36.2537,13.1082,9.25231,P2,0.813992,99914.8,N
83,82000,83002,36.8508,31.9944,9.21559,EMS,0.707752,138575,N
83,82003,83003,24.4,30.5131,12.7312,ABp,0.752659,122801,N
84,83000,84000,29.1292,49.5884,9.85333,ABa,0.811716,109784,N
84,83002,84001,36.9204,32.1074,9.06667,EMS,0.761111,136722,N
84,83001,84002,36.1823,12.9953,9.56199,P2,0.793437,95343.5,N
84,83003,84003,24.7339,30.1226,12.791,ABp,0.775321,132417,N
85,84001,85000,36.9576,32.8518,8.89543,EMS,0.772083,112966,N
85,84000,85001,28.8475,49.5318,10.3444,ABa,0.787095,118140,N
85,84002,85002,36.1596,12.4151,10.083,P2,0.784255,93337.1,N
85,84003,85003,25.2018,29.9669,12.4688,ABp,0.785491,149526,N
86,85000,86000,37.2141,33.1939,9.06918,EMS,0.794285,122707,N
86,85001,86001,28.4757,49.0342,10.4575,ABa,0.762448,134285,N
86,85002,86002,35.9352,12.2723,10.0873,P2,0.786043,90406.6,N
86,85003,86003,25.6614,29.8775,12.2685,ABp,0.735136,163917,N
87,86000,87000,37.6938,33.1823,9.07312,EMS,0.779877,133119,N
87,86001,87001,29.0642,48.97,10.0849,ABa,0.781669,146438,N
87,86002,87002,35.9881,12.389,9.92353,P2,0.804923,93806.6,N
87,86003,87003,26.251,29.7019,12.4697,ABp,0.746957,181016,N
88,87001,88000,28.6901,49.164,10.483,ABa,0.769812,157320,N
88,87000,88001,37.9351,33.1136,9.18783,EMS,0.733939,130811,N
88,87002,88002,36.0797,12.5201,10.5378,P2,0.81975,104194,N
88,87003,88003,26.4013,30.2562,13.391,ABp,0.731362,203062,N
89,88000,89000,28.496,48.9459,10.2912,ABa,0.787345,160458,N
89,88001,89001,38.2252,33.7109,9.28722,EMS,0.751323,124718,N
89,88002,89002,35.8003,12.5076,10.4714,P2,0.822653,96119.4,N
89,88003,89003,26.3703,30.2651,12.2787,ABp,0.779635,183581,N
90,89000,90000,27.1699,48.4659,10.023,ABa,0.747334,146003,N
90,89001,90001,38.7559,34.1003,9.0859,EMS,0.786291,126329,N
90,89003,90002,25.5289,30.4941,12.4644,ABp,0.775276,226530,N
90,89002,90003,35.1783,12.8536,10.3432,P2,0.837989,100503,N
91,90000,91000,27.3425,48.6671,10.3099,ABa,0.71328,166497,N
91,90001,91001,39.2769,33.8453,9.33718,EMS,0.792082,128820,N
91,90003,91002,34.82,12.8235,10.0601,P2,0.824266,98916.5,N
91,90002,91003,25.5386,30.0916,12.5383,ABp,0.765466,217398,N
92,91000,92000,26.547,48.3239,10.9238,ABa,0.761689,178891,N
92,91001,92001,39.3716,34.4144,9.35649,EMS,0.797849,127653,N
92,91002,92002,34.3804,12.793,10.137,P2,0.828737,107051,N
92,91003,92003,24.7929,30.0377,12.5809,ABp,0.754917,221010,N
93,92000,93000,26.7012,48.5991,10.5681,ABa,0.762359,199073,N
93,92001,93001,39.5799,34.1035,8.7549,EMS,0.809779,143472,N
93,92003,93002,25.0441,29.9356,12.2703,ABp,0.752145,238801,N
93,92002,93003,33.8586,13.103,10.5185,P2,0.826283,98343.3,N
94,93000,94000,26.8343,48.4317,10.7968,ABa,0.758257,186116,N
94,93001,94001,39.7597,33.6473,8.63616,EMS,0.827083,145207,N
94,93002,94002,25.0255,29.8246,12.1982,ABp,0.715978,211977,N
94,93003,94003,33.5838,13.255,10.5335,P2,0.818508,96776.7,N
95,94001,95000,39.7045,34.0259,8.38694,EMS,0.816207,133712,N
95,94000,95001,26.4546,47.4284,10.8189,ABa,0.753787,175763,N
95,94002,95002,24.924,30.1564,11.9023,ABp,0.730862,186808,N
95,94003,95003,33.62,13.186,10.7924,P2,0.804085,106932,N
96,95000,96000,39.6785,33.839,8.175,EMS,0.816662,133218,N
96,95002,96001,24.7461,30.1667,11.2411,ABp,0.721136,169328,N
96,95001,96002,26.6403,47.3795,11.6031,ABa,0.73639,157754,N
96,95003,96003,33.7513,13.5025,10.9642,P2,0.824077,116381,N
97,96000,97000,39.751,34.1102,7.92323,EMS,0.774528,137532,N
97,96002,97001,26.6731,47.5883,10.8746,ABa,0.703929,154498,N
97,96001,97002,25.79,29.9968,11.6579,ABp,0.646449,127125,D
97,96003,97003,33.8961,13.6294,10.9904,P2,0.818571,114923,N
98,97000,98000,39.8239,34.5978,7.90142,EMS,0.776914,149655,N
98,97001,98001,26.5253,46.6015,10.6177,ABa,0.525252,105949,D
98,97002,98002,25.1091,30.0781,12.3287,ABp,0.536343,176805,D
98,97003,98003,34.2355,13.7451,10.3061,P2,0.809891,118432,N
99,98001,99000,26.376,47.2667,11.0389,ABa,0.48554,122376,D
99,98000,99001,40.3358,33.8074,8.24464,EMS,0.764792,131661,N
99,98002,99002,25.2203,29.3457,11.5021,ABp,0.414568,126749,D
99,98003,99003,34.2054,14.143,10.082,P2,0.798821,117537,N
100,99001,100000,39.8597,34.4378,7.53591,EMS,0.773414,154384,N
100,99000,100001,26.5753,46.5976,11.2728,ABa,0.39468,119198,D
100,99002,100002,25.8706,29.2578,13.2226,ABp,0.246685,168602,D
100,99003,100003,34.4454,14.3034,10.0358,P2,0.811078,104955,N
101,100000,101000,39.3273,33.7066,6.54944,EMS,0.732681,193810,N
101,100001,101001,27.8291,46.9105,12.6217,ABa,0.363109,166936,D
101,100002,101002,27.789,29.6832,15.3341,ABp,0.351922,193632,D
101,100003,101003,34.4087,14.493,10.3001,P2,0.812714,116870,N
102,101000,102000,38.3686,30.5302,5.62487,EMS,0.720984,226091,N
102,101001,102001,27.4525,46.5837,12.168,ABa,0.282346,166437,D
102,101002,102002,27.3602,29.4016,14.599,ABp,0.272791,182983,D
102,101003,102003,34.1201,14.9039,10.3625,P2,0.790926,116935,N
103,102000,103000,37.612,29.4661,5.04845,EMS,0.741494,222315,N
103,102001,103001,28.3503,46.7509,13.4525,ABa,0.268393,217087,D
103,102003,103002,33.8827,15.3775,10.0777,P2,0.807856,149714,N
103,102002,103003,25.7664,29.149,13.3219,ABp,0.327179,129482,D
104,103000,104000,37.139,31.0024,5.08445,EMS,0.735208,208221,N
104,103001,104001,28.4478,46.7699,13.5284,ABa,0.231307,202968,D
104,103002,104002,33.6026,16.2868,9.13935,P2,0.801862,162968,N
104,103003,104003,27.0788,28.673,14.1477,ABp,0.282915,163423,D
105,104000,105000,36.7756,31.3955,5.69748,EMS,0.719494,209669,N
105,104001,105001,28.3873,46.7865,13.9872,ABa,0.191329,150287,D
105,104002,105002,33.9025,16.6916,8.58625,P2,0.806217,164979,N
105,104003,105003,22.0543,29.2273,11.7275,ABpl,0.597081,73619.1,N
105,104003,105004,30.4316,27.6561,16.5564,ABpr,0.528346,104674,N
106,105000,106000,36.0681,31.9454,6.09826,EMS,0.733563,213939,N
106,105001,106001,28.8505,46.9339,14.3726,ABa,0.247448,194552,D
106,105002,106002,34.0955,17.1271,8.25507,P2,0.836051,177438,N
106,105003,106003,21.4442,29.0584,11.777,ABpl,0.516089,62732.1,N
106,105004,106004,30.5837,27.6662,16.0353,ABpr,0.627203,66127.2,N
107,106000,107000,35.8627,31.406,6.1312,EMS,0.725687,190964,N
107,106001,107001,27.8598,47.5567,11.9598,ABa,0.308144,130203,D
107,106002,107002,34.346,17.2515,7.94261,P2,0.814426,168770,N
107,106003,107003,21.9351,29.3183,12.3954,ABpl,0.405638,58264.7,N
107,106004,107004,30.7416,26.6145,16.3416,ABpr,0.594795,85558.6,N
108,107000,108000,36.1356,31.5644,6.34871,EMS,0.635477,176163,D
108,107002,108001,34.342,17.1274,7.36738,P2,0.79864,179938,N
108,107001,108002,26.2077,47.9065,8.10651,ABal,0.626401,67308.3,N
108,107003,108003,21.8154,29.3721,12.707,ABpl,0.43019,49438.5,N
108,107001,108004,30.0204,45.4043,16.9695,ABar,0.474929,93806.6,D
108,107004,108005,31.1036,26.7098,17.0438,ABpr,0.710285,118328,N
109,108002,109000,26.5768,48.3639,8.2676,ABal,0.587175,64224.6,N
109,108001,109001,34.0067,17.2298,7.19347,P2,0.794343,171938,N
109,108000,109002,36.0771,32.0825,6.60141,EMS,0.556063,157468,D
109,108003,109003,21.8427,29.292,12.3452,ABpl,0.446956,28746.9,N
109,108004,109004,29.8167,45.6819,15.8497,ABar,0.464018,50016.7,D
109,108005,109005,31.5725,26.8371,16.5554,ABpr,0.633097,76322.3,N
110,109000,110000,26.374,48.1716,7.90171,ABal,0.588577,62104.5,N
110,109002,110001,36.4406,31.8841,5.90622,EMS,0.426821,147327,D
110,109001,110002,34.1901,17.0493,7.18833,P2,0.783806,171009,N
110,109003,110003,22.0956,29.2803,12.4472,ABpl,0.55573,39703,N
110,109005,110004,32.3882,26.4774,16.6999,ABpr,0.713191,89156.3,N
110,109004,110005,29.6581,44.6798,16.51,ABar,0.49277,19900.9,D
111,110001,111000,36.4789,31.9669,5.75552,EMS,0.314414,153554,D
111,110000,111001,25.9967,47.6262,8.03872,ABal,0.660587,55739.4,N
111,110002,111002,34.033,17.0756,7.55107,P2,0.767639,171616,N
111,110003,111003,21.8054,29.7013,12.7092,ABpl,0.564146,32853.6,N
111,110004,111004,32.7958,26.4357,16.5972,ABpr,0.614189,61827.8,N
111,110005,111005,30.7987,45.1915,17.3972,ABar,0.489703,28074.8,D
112,111001,112000,25.484,48.195,7.80167,ABal,0.762258,71256.9,N
112,111000,112001,37.0626,33.5803,6.052,EMS,0.349174,122133,D
112,111002,112002,33.7181,16.632,8.11183,P2,0.778179,162311,N
112,111003,112003,21.8309,30.0133,11.9794,ABpl,0.657781,40770.4,N
112,111005,112004,29.4582,45.0914,16.2403,ABar,0.507153,43537.9,N
112,111004,112005,32.9082,26.4649,16.9387,ABpr,0.698192,87782.5,N
113,112000,113000,25.0755,48.0514,7.82178,ABal,0.750159,80364.7,N
113,112001,113001,37.1479,32.7989,5.93266,EMS,0.253737,132363,D
113,112002,113002,32.8459,16.3034,8.80777,P2,0.804338,169724,N
113,112003,113003,21.1568,30.8711,11.0495,ABpl,0.734497,53693.4,N
113,112005,113004,33.104,26.4224,16.5155,ABpr,0.654457,64476.6,N
113,112004,113005,29.0073,44.3669,18.7182,ABar,0.606915,77048.7,N
114,113001,114000,37.2169,31.9165,5.75715,EMS,0.201064,133094,D
114,113000,114001,25.2092,48.3153,7.51406,ABal,0.781907,94043.8,N
114,113002,114002,32.493,16.1902,9.30962,P2,0.800339,166660,N
114,113003,114003,20.8494,31.324,10.4969,ABpl,0.736556,59505.1,N
114,113004,114004,33.1601,26.5153,17.106,ABpr,0.651304,56876,N
114,113005,114005,29.6684,44.2653,19.3803,ABar,0.620235,101042,N
115,114000,115000,37.0549,31.7283,5.8192,EMS,0.235376,156242,D
115,114001,115001,24.862,48.4272,7.89723,ABal,0.723839,89368.8,N
115,114003,115002,20.8824,31.2785,9.78649,ABpl,0.703944,70243.8,N
115,114002,115003,32.0731,16.547,9.97193,P2,0.759101,154957,N
115,114004,115004,34.1964,27.4967,18.2021,ABpr,0.651816,136702,N
115,114005,115005,29.8869,43.9542,19.4244,ABar,0.649404,89477.5,N
116,115000,116000,36.8786,31.5066,5.7427,EMS,0.198241,178308,D
116,115001,116001,24.2899,48.7905,7.92157,ABal,0.81537,103967,N
116,115002,116002,20.8618,31.5316,9.29613,ABpl,0.739424,71548.4,N
116,115003,116003,32.3492,16.8471,10.3202,P2,0.717738,133559,N
116,115005,116004,30.0966,43.6064,18.9744,ABar,0.591661,80957.7,N
116,115004,116005,35.0839,28.016,18.898,ABpr,0.679492,171300,N
117,116000,117000,36.7315,30.9998,6.01989,EMS,0.231255,200427,D
117,116001,117001,23.963,48.4742,7.83305,ABal,0.809618,102949,N
117,116002,117002,21.2538,31.3464,9.51519,ABpl,0.689976,55250.1,N
117,116003,117003,31.5849,16.6981,10.9841,P2,0.74019,130747,N
117,116005,117004,35.5739,28.5627,17.8365,ABpr,0.662051,154102,N
117,116004,117005,30.4337,43.6094,19.5144,ABar,0.653764,100033,N
118,117000,118000,36.9181,30.6773,6.07561,EMS,0.134907,165152,D
118,117001,118001,23.8312,48.4397,7.93297,ABal,0.796512,98877,N
118,117002,118002,21.3452,31.6318,8.94923,ABpl,0.741804,60962.9,N
118,117003,118003,31.3074,16.8133,11.2272,P2,0.71928,111158,N
118,117004,118004,35.8458,29.1372,17.7612,ABpr,0.699219,130011,N
118,117005,118005,29.9917,44.1828,19.0881,ABar,0.638828,85894.7,N
119,118000,119000,37.5104,38.4523,6.01078,MS,0.443784,82974,D
119,118000,119001,35.8186,23.2943,6.11064,E,0.500387,91597.6,N
119,118001,119002,23.5158,48.5327,8.2679,ABal,0.804558,87327.8,N
119,118002,119003,21.3085,31.2078,8.90484,ABpl,0.758847,69749.6,N
119,118003,119004,31.3221,16.5125,11.1056,P2,0.694577,110436,N
119,118004,119005,36.3435,29.0389,17.8508,ABpr,0.699412,137695,N
119,118005,119006,29.9823,42.8566,20.1715,ABar,0.733159,90115,N
120,119000,120000,37.5532,38.8831,5.85948,MS,0.561206,78407.7,N
120,119001,120001,35.7679,24.3845,6.46291,E,0.58316,47017,N
120,119003,120002,21.5861,31.2418,8.40292,ABpl,0.786252,85247.3,N
120,119002,120003,23.2651,48.5307,8.39688,ABal,0.762955,80517.9,N
120,119004,120004,31.8286,17.5317,11.1355,P2,0.532647,116767,D
120,119005,120005,36.3827,29.3676,17.5491,ABpr,0.727309,157147,N
120,119006,120006,29.6607,42.3623,19.7606,ABar,0.673419,73080.4,N
121,120002,121000,21.6829,31.3715,7.8307,ABpl,0.839108,90085.4,N
121,120000,121001,37.6817,39.617,6.27162,MS,0.604075,77992.6,N
121,120003,121002,23.1693,48.3754,8.45324,ABal,0.749351,82717.1,N
121,120004,121003,31.936,17.0096,10.6612,P2,0.319959,78284.2,D
121,120001,121004,35.6447,24.1043,6.57221,E,0.640173,59208.6,N
121,120005,121005,36.9937,29.0545,18.0214,ABpr,0.791032,182508,N
121,120006,121006,28.7879,42.0812,19.5325,ABar,0.613774,74004.5,N
122,121000,122000,21.7024,30.9753,7.23777,ABpl,0.817622,94024.1,N
122,121003,122001,31.7071,16.8427,10.6344,P2,0.274112,109714,D
122,121001,122002,37.5424,40.9262,6.71321,MS,0.638163,76692.9,N
122,121004,122003,35.5956,24.6443,6.86265,E,0.746944,74731,N
122,121002,122004,23.4334,48.7306,8.04914,ABal,0.777748,89507.2,N
122,121005,122005,37.2184,29.0129,18.0436,ABpr,0.795729,152140,N
122,121006,122006,27.9629,41.8719,20.0153,ABar,0.605818,79761.8,N
123,122000,123000,21.8362,31.9201,7.00756,ABpl,0.834845,95066.8,N
123,122002,123001,37.6629,40.907,6.9766,MS,0.751484,66947.5,N
123,122003,123002,35.114,25.4187,6.84559,E,0.772056,68474.6,N
123,122004,123003,23.3256,49.4075,8.28059,ABal,0.81267,86354.3,N
123,122001,123004,31.7369,17.7511,10.6953,P2,0.275412,94122.9,D
123,122005,123005,37.6988,29.3484,17.1219,ABpr,0.717275,167080,N
123,122006,123006,27.9526,42.2885,19.7616,ABar,0.567213,62282.4,N
124,123004,124000,33.1557,17.643,9.72228,P2,0.212975,102524,D
124,123000,124001,21.5642,32.5572,7.29746,ABpl,0.802921,89003.1,N
124,123002,124002,34.4531,25.1133,6.90444,E,0.79778,77310.6,N
124,123001,124003,37.1323,40.9814,6.84927,MS,0.779967,84031.6,N
124,123003,124004,23.8572,50.2268,8.65381,ABal,0.77901,84170,N
124,123005,124005,38.5245,28.6574,17.2325,ABpr,0.784604,156045,N
124,123006,124006,28.4286,41.9724,19.8488,ABar,0.61778,53698.4,N
125,124000,125000,36.805,16.1427,6.3614,P3,0.702898,45998.9,N
125,124001,125001,22.0554,32.8916,7.04503,ABpl,0.828366,92546.4,N
125,124002,125002,34.538,24.2474,6.45644,E,0.789379,87851.7,N
125,124003,125003,37.4556,40.6933,6.96098,MS,0.743807,88266.8,N
125,124004,125004,24.3258,50.0283,8.76526,ABal,0.75084,82010.4,N
125,124000,125005,29.3914,18.4432,12.9862,C,0.514129,69729.8,N
125,124005,125006,38.9949,28.7678,16.5955,ABpr,0.828714,190761,N
125,124006,125007,28.8931,42.5221,19.7944,ABar,0.578411,47896.6,N
126,125001,126000,22.2541,32.9983,6.84384,ABpl,0.827818,96786.6,N
126,125000,126001,37.0843,16.1246,6.07011,P3,0.59198,46349.8,N
126,125002,126002,34.659,23.8995,6.2682,E,0.793834,82470,N
126,125003,126003,37.3545,40.3965,6.82103,MS,0.7321,81209.8,N
126,125004,126004,24.7533,50.1779,9.32395,ABal,0.752347,85776.1,N
126,125006,126005,38.897,28.6216,16.1516,ABpr,0.817614,231126,N
126,125005,126006,28.3196,18.2533,13.7015,C,0.650121,62450.4,N
126,125007,126007,29.7598,42.7342,19.5361,ABar,0.668852,69675.5,N
127,126000,127000,22.3682,32.79,7.20694,ABpl,0.796785,104387,N
127,126002,127001,34.8801,23.106,6.00807,E,0.795377,78150.8,N
127,126001,127002,36.8401,15.6081,6.39074,P3,0.685622,47189.9,N
127,126003,127003,36.9913,40.4592,6.35784,MS,0.766466,79569.1,N
127,126004,127004,25.4354,50.4744,9.30793,ABal,0.795816,83567.1,N
127,126005,127005,38.9472,28.5047,15.1935,ABpr,0.793975,245206,N
127,126006,127006,28.3481,18.5124,13.3596,C,0.585961,49285.3,N
127,126007,127007,30.279,43.0716,19.123,ABar,0.695464,90144.7,N
128,127000,128000,22.51,32.6774,7.15176,ABpl,0.778758,108998,N
128,127001,128001,34.4705,22.8111,5.55841,E,0.832101,90866.2,N
128,127002,128002,36.4706,15.3729,5.93404,P3,0.690078,52744.6,N
128,127003,128003,36.6233,40.2301,6.34804,MS,0.750385,83018.5,N
128,127004,128004,25.4934,50.5583,9.92024,ABal,0.722805,79406,N
128,127006,128005,28.5653,18.6843,12.4958,C,0.625901,58180.7,N
128,127005,128006,39.1065,28.0705,14.4695,ABpr,0.789582,262591,N
128,127007,128007,30.8057,42.9769,19.2224,ABar,0.71787,94182.2,N
129,128001,129000,34.1451,22.2824,5.43001,E,0.783516,90480.7,N
129,128002,129001,36.7035,15.371,6.08108,P3,0.683697,62890.3,N
129,128000,129002,22.3693,33.2269,6.84763,ABpl,0.793641,105257,N
129,128003,129003,36.589,39.8343,6.02112,MS,0.774969,90525.2,N
129,128004,129004,25.8642,50.9784,9.7303,ABal,0.754006,92803.4,N
129,128006,129005,38.8464,27.1082,13.9707,ABpr,0.783891,264899,N
129,128005,129006,27.1559,19.2181,12.8813,C,0.4619,34578.3,N
129,128007,129007,31.0299,42.6799,19.2692,ABar,0.735663,127431,N
130,129000,130000,34.3156,22.3373,5.50479,E,0.78276,78565.9,N
130,129003,130001,36.8419,39.3973,6.25402,MS,0.769955,83838.9,N
130,129001,130002,36.7095,15.3904,6.09337,P3,0.752484,58551.3,N
130,129002,130003,22.0938,33.2219,7.19995,ABpl,0.805681,110139,N
130,129004,130004,26.7626,50.6385,9.51085,ABal,0.720536,79643.2,N
130,129005,130005,39.1001,27.1818,13.9522,ABpr,0.781009,249530,N
130,129006,130006,26.2277,19.8754,13.664,C,0.531834,25223.3,N
130,129007,130007,30.5579,42.1242,19.6481,ABar,0.703587,147396,N
131,130000,131000,34.1631,22.0766,5.31647,E,0.818929,83745,N
131,130002,131001,36.8175,14.9501,5.87828,P3,0.746775,56376.9,N
131,130003,131002,22.1602,33.4846,7.14737,ABpl,0.788347,107644,N
131,130001,131003,37.0442,38.9457,6.32508,MS,0.735488,78941.5,N
131,130004,131004,26.8981,50.2169,8.86599,ABal,0.744375,93910.4,N
131,130005,131005,39.1242,26.8732,14.2102,ABpr,0.794617,261297,N
131,130006,131006,26.3624,20.1028,13.9046,C,0.544772,33016.6,N
131,130007,131007,31.1533,42.2445,19.1224,ABar,0.692879,111197,N
132,131000,132000,33.7909,22.4695,5.26239,E,0.828116,77236.5,N
132,131001,132001,37.0525,14.892,5.91155,P3,0.805568,65835.6,N
132,131002,132002,21.8969,34.0368,7.24468,ABpl,0.780346,110649,N
132,131003,132003,37.2081,38.7946,6.37171,MS,0.796738,87802.2,N
132,131004,132004,27.556,50.6449,9.22254,ABal,0.749597,98827.6,N
132,131005,132005,39.0365,26.6033,14.475,ABpr,0.780518,282893,N
132,131006,132006,25.5173,19.6031,14.1429,C,0.564177,44822.8,N
132,131007,132007,32.0733,42.561,18.3801,ABar,0.717736,117592,N
133,132000,133000,33.7461,22.3221,5.10668,E,0.816766,73722.8,N
133,132002,133001,22.0635,34.1543,7.44121,ABpl,0.737465,116475,N
133,132001,133002,37.0038,14.3056,6.22371,P3,0.764178,57622.2,N
133,132003,133003,37.6261,38.827,6.67716,MS,0.796523,80883.6,N
133,132004,133004,27.1524,51.5678,9.34298,ABal,0.759832,105173,N
133,132005,133005,39.0836,26.2919,14.5404,ABpr,0.783562,284607,N
133,132006,133006,25.0934,19.8268,14.0757,C,0.587883,34360.8,N
133,132007,133007,32.4378,42.5391,18.1385,ABar,0.622778,144550,N
134,133000,134000,33.8956,22.0086,5.29861,E,0.817761,79756.9,N
134,133003,134001,37.2897,38.274,6.45934,MS,0.793247,100839,N
134,133002,134002,36.7347,14.5455,6.01203,P3,0.772879,50476.3,N
134,133001,134003,21.8621,34.5545,7.54935,ABpl,0.787807,135817,N
134,133004,134004,27.804,51.3036,9.61268,ABal,0.70514,102094,N
134,133005,134005,39.1193,26.3759,14.2877,ABpr,0.800879,268181,N
134,133006,134006,25.0872,20.0391,14.0601,C,0.58174,23839.6,N
134,133007,134007,32.1365,42.0549,18.7122,ABar,0.664299,176405,N
135,134000,135000,33.6729,21.9727,5.53306,E,0.782152,65237.7,N
135,134002,135001,36.4116,14.4139,6.51996,P3,0.816833,61709.2,N
135,134001,135002,37.3056,37.6963,6.42663,MS,0.802033,101842,N
135,134003,135003,21.8206,35.2157,7.70185,ABpl,0.808697,132240,N
135,134004,135004,28.2135,50.9725,9.50517,ABal,0.745895,111232,N
135,134005,135005,38.828,25.9513,14.5282,ABpr,0.792706,280417,N
135,134006,135006,24.5428,20.2474,14.2329,C,0.699966,35774.2,N
135,134007,135007,32.6175,42.1814,19.3097,ABar,0.751842,147386,N
136,135000,136000,33.8615,22.2409,5.42332,E,0.80292,73436.2,N
136,135001,136001,36.4665,14.4077,6.67078,P3,0.796779,55714.7,N
136,135002,136002,37.0986,38.0573,6.62058,MS,0.794835,95822.9,N
136,135003,136003,22.1492,35.1315,7.91359,ABpl,0.732192,120498,N
136,135004,136004,28.6203,50.8473,9.62502,ABal,0.742884,116238,N
136,135005,136005,38.6761,26.3837,14.7484,ABpr,0.788542,256844,N
136,135006,136006,24.4042,20.1166,14.2774,C,0.693358,33614.6,N
136,135007,136007,31.7176,40.9038,19.0712,ABar,0.691657,188745,N
137,136000,137000,33.8559,22.19,5.11661,E,0.83362,75986.2,N
137,136001,137001,36.0548,14.7041,6.45868,P3,0.830465,58136.2,N
137,136002,137002,37.0882,37.3993,6.65193,MS,0.776468,95748.8,N
137,136003,137003,22.6758,35.0157,7.98816,ABpl,0.74015,106186,N
137,136004,137004,29.069,50.2658,9.21998,ABal,0.730466,93317.4,N
137,136005,137005,38.1593,25.8099,14.7817,ABpr,0.805549,247667,N
137,136006,137006,24.2564,19.9717,14.2677,C,0.642657,31786.1,N
137,136007,137007,31.3342,40.4632,18.8986,ABar,0.708151,139509,N
138,137000,138000,33.7354,21.9806,5.14988,E,0.812768,64026.9,N
138,137003,138001,23.3337,34.8034,7.64763,ABpl,0.737899,125316,N
138,137002,138002,37.9155,37.7785,6.31546,MS,0.799247,82549,N
138,137001,138003,35.9116,14.2069,6.94186,P3,0.817217,53273.4,N
138,137004,138004,29.0052,50.454,9.20047,ABal,0.76937,93584.2,N
138,137005,138005,38.0516,25.9303,14.5764,ABpr,0.77348,252223,N
138,137006,138006,23.9399,20.162,14.5059,C,0.682635,34479.4,N
138,137007,138007,32.0433,40.4209,18.3185,ABar,0.692912,132754,N
139,138000,139000,33.3272,21.6814,4.94296,E,0.80814,74701.3,N
139,138002,139001,37.6145,37.5586,5.96059,MS,0.729711,78966.2,N
139,138001,139002,23.4611,36.2482,8.39689,ABpl,0.658227,93856,N
139,138003,139003,35.6978,14.2212,7.2486,P3,0.844109,57894,N
139,138004,139004,29.1091,50.5026,9.99046,ABal,0.61923,106646,N
139,138005,139005,37.0867,26.204,13.8553,ABpr,0.714016,208250,N
139,138006,139006,23.8031,20.4016,14.7518,C,0.687354,24837.8,N
139,138007,139007,32.4764,40.8678,17.5352,ABar,0.625536,143774,N
140,139000,140000,33.3429,21.5029,4.91529,E,0.772537,70836.8,N
140,139001,140001,37.8839,38.0157,6.18169,MS,0.769839,89195.8,N
140,139002,140002,24.4736,34.8754,7.76979,ABpl,0.586125,85370.8,N
140,139003,140003,35.8329,14.3044,7.15829,P3,0.825604,59174,N
140,139004,140004,29.2178,50.5575,9.77595,ABal,0.56453,89037.7,N
140,139005,140005,36.9877,26.0656,14.4894,ABpr,0.643797,219132,N
140,139006,140006,23.4975,20.1615,14.5695,C,0.724243,32067.8,N
140,139007,140007,32.0966,40.1645,17.2538,ABar,0.556498,119440,N
141,140000,141000,33.4184,21.3808,4.43356,E,0.823383,70431.6,N
141,140001,141001,38.1893,38.1599,6.32187,MS,0.80371,90292.9,N
141,140002,141002,24.6042,35.6961,8.0397,ABpl,0.445202,75749,D
141,140003,141003,35.3978,14.208,7.37586,P3,0.843247,57528.3,N
141,140004,141004,28.0958,50.7631,9.424,ABal,0.46971,85010.1,D
141,140005,141005,37.1622,26.6858,13.9393,ABpr,0.495491,191829,D
141,140007,141006,32.2179,39.9475,16.4534,ABar,0.311469,78234.8,D
141,140006,141007,23.9771,20.2967,14.8767,C,0.689882,40597.5,N
142,141000,142000,33.3762,21.2262,4.24416,E,0.801213,72986.5,N
142,141001,142001,38.393,37.8908,6.64317,MS,0.813896,102929,N
142,141002,142002,24.5092,35.0469,7.67555,ABpl,0.353068,71953.7,D
142,141003,142003,35.4138,14.1261,7.60275,P3,0.822965,54706.5,N
142,141004,142004,28.255,50.5311,9.37278,ABal,0.340351,64827.5,D
142,141005,142005,36.8279,26.9155,14.2781,ABpr,0.393262,171275,D
142,141007,142006,23.6033,20.6937,14.8742,C,0.742349,44076.6,N
142,141006,142007,31.8434,40.3175,16.7412,ABar,0.385135,86700.2,D
143,142000,143000,34.1844,21.6888,4.27144,E,0.794396,75091.7,N
143,142002,143001,25.0321,35.1129,6.97709,ABpl,0.297079,86448.2,D
143,142001,143002,38.8142,37.934,7.42111,MS,0.807256,127011,N
143,142004,143003,29.4696,49.7576,8.77642,ABal,0.289784,61190.3,D
143,142003,143004,34.9183,13.7465,7.83379,P3,0.841133,58027.5,N
143,142005,143005,37.1586,26.3608,13.6881,ABpr,0.385445,117903,D
143,142006,143006,23.1079,20.9119,14.4286,C,0.665599,32072.7,N
143,142007,143007,31.0476,40.2025,17.098,ABar,0.350308,98476.7,D
144,143000,144000,34.7462,21.6003,3.78013,E,0.808593,86008.3,N
144,143001,144001,24.9397,35.7335,6.938,ABpl,0.164332,70194.3,D
144,143002,144002,38.9728,37.2695,7.99461,MS,0.795865,138526,N
144,143004,144003,34.9371,13.4959,8.23597,P3,0.812199,53673.7,N
144,143003,144004,32.1533,47.8438,8.27948,ABalp,0.544374,30941.1,N
144,143005,144005,37.2493,26.2065,14.3435,ABpr,0.295126,150208,D
144,143003,144006,26.3753,52.5317,11.3823,ABala,0.442621,24239.9,D
144,143006,144007,23.0939,20.8683,13.8779,C,0.596417,29433.8,N
144,143007,144008,31.4137,40.8288,17.6056,ABar,0.371238,78679.5,D
145,144000,145000,34.9245,21.7492,3.975,E,0.814486,98886.9,N
145,144001,145001,29.1719,32.068,4.92075,ABplp,0.527126,19569.8,D
145,144002,145002,39.2929,36.5429,8.87628,MS,0.810805,140453,N
145,144004,145003,33.1053,47.0233,7.93608,ABalp,0.591691,38848.1,N
145,144003,145004,34.4465,13.4258,8.3302,P3,0.786988,56208.9,N
145,144001,145005,21.2204,39.9277,8.66785,ABpla,0.196419,15403.8,D
145,144006,145006,26.2116,53.1243,11.3341,ABala,0.416759,27017.2,D
145,144005,145007,36.8058,25.9792,15.1089,ABpr,0.306979,158239,D
145,144007,145008,23.2697,20.8727,13.1996,C,0.701044,28583.8,N
145,144008,145009,29.1632,39.4684,17.534,ABar,0.187848,82875.2,D
146,145000,146000,35.3757,21.7885,4.03651,E,0.851322,101620,N
146,145001,146001,28.8757,32.9913,4.91238,ABplp,0.467421,35453,D
146,145002,146002,39.0406,36.3262,9.14878,MS,0.773604,155283,N
146,145005,146003,20.7844,40.2508,8.18701,ABpla,0.248649,14988.7,D
146,145003,146004,34.2414,46.2163,7.78118,ABalp,0.534257,22930.3,N
146,145004,146005,34.3157,13.2371,8.76713,P3,0.822642,52803.9,N
146,145006,146006,26.8189,53.257,11.5758,ABala,0.436242,23775.3,D
146,145008,146007,23.0881,20.841,12.2876,C,0.737606,39381.8,N
146,145007,146008,37.7566,24.6556,13.6183,ABpr,0.372289,78422.6,D
146,145009,146009,32.3911,42.2573,17.8335,ABara,0.421677,44471.9,D
146,145009,146010,23.472,35.2383,16.5679,ABarp,0.281756,18027.9,D
147,146000,147000,35.2274,22.1529,4.29027,E,0.845942,108311,N
147,146001,147001,28.4667,33.0851,5.2019,ABplp,0.405318,38403.3,D
147,146003,147002,21.5688,40.8075,8.32109,ABpla,0.178515,14143.6,D
147,146005,147003,34.2261,13.6965,8.33993,P3,0.843598,52072.5,N
147,146004,147004,33.9879,46.6339,8.32212,ABalp,0.575984,28707.3,N
147,146002,147005,38.8452,35.8407,9.22484,MS,0.775897,158427,N
147,146006,147006,25.9716,55.8414,12.0517,ABala,0.668397,7081.7,N
147,146007,147007,22.9644,20.306,12.4635,C,0.650963,27832.6,N
147,146008,147008,38.1023,23.2776,12.6738,ABprp,0.657599,48267.3,N
147,146010,147009,22.6273,33.6963,16.5204,ABarp,0.279078,25855.9,D
147,146009,147010,32.3952,42.4232,18.1879,ABara,0.456373,44793.1,D
147,146008,147011,35.4018,28.1274,18.64,ABpra,0.686221,48830.6,N
148,147000,148000,35.553,21.8416,4.72292,E,0.796206,116475,N
148,147001,148001,27.6241,33.8804,5.83634,ABplp,0.56566,33550.4,D
148,147002,148002,21.7518,41.3059,8.55117,ABpla,0.251015,21304.4,D
148,147004,148003,33.8085,46.8146,8.5801,ABalp,0.308961,15932.6,N
148,147003,148004,34.2851,13.526,8.73055,P3,0.795432,52710,N
148,147005,148005,38.36,35.6498,9.43405,MS,0.746341,180665,N
148,147007,148006,23.1622,20.9575,12.0528,C,0.693953,39772.2,N
148,147008,148007,38.5702,22.5317,12.773,ABprp,0.566466,55571.3,N
148,147006,148008,25.9166,55.4979,13.2771,ABala,0.507269,7946.53,N
148,147009,148009,24.4271,34.7078,16.3616,ABarp,0.410029,27348.3,D
148,147010,148010,32.5352,42.4706,17.9705,ABara,0.441282,76238.3,D
148,147011,148011,35.5358,28.1478,19.129,ABpra,0.613106,76292.6,N
149,148000,149000,35.2512,21.7971,5.2252,E,0.775722,111158,N
149,148001,149001,28.1234,32.9183,5.75171,ABplp,0.445002,37281.5,D
149,148003,149002,33.6089,46.5133,8.40442,ABalp,0.553626,35309.7,N
149,148005,149003,38.0968,35.5399,9.34598,MS,0.763473,180512,N
149,148004,149004,34.0547,13.5198,8.99719,P3,0.805125,57795.2,N
149,148002,149005,21.8815,41.7431,8.85915,ABpla,0.336457,16876.5,D
149,148006,149006,22.9882,21.1052,12.2659,C,0.793102,43636.7,N
149,148008,149007,27.0412,54.2633,12.3833,ABala,0.266052,16021.5,N
149,148007,149008,37.9548,23.0953,13.579,ABprp,0.625744,45697.5,N
149,148009,149009,25.6209,36.4301,16.1598,ABarp,0.728615,14934.3,D
149,148010,149010,31.7959,43.5761,18.4895,ABara,0.3487,37474.2,D
149,148011,149011,35.8602,29.4017,19.6264,ABpra,0.586002,82983.9,N
150,149000,150000,35.3584,22.3844,5.51147,E,0.773268,102658,N
150,149001,150001,28.0757,33.2565,6.22845,ABplp,0.664639,37044.3,N
150,149002,150002,33.4866,46.0815,8.55468,ABalp,0.562965,37622.5,N
150,149003,150003,38.134,35.5217,9.61698,MS,0.757728,201722,N
150,149005,150004,21.7687,41.3457,8.41789,ABpla,0.316465,19253.5,D
150,149004,150005,34.1345,13.5118,8.96103,P3,0.816713,57755.7,N
150,149006,150006,23.4706,20.5945,12.3557,C,0.740127,53342.6,N
150,149007,150007,28.122,54.195,12.3226,ABala,0.577946,6671.53,N
150,149008,150008,38.0758,23.93,14.2136,ABprp,0.629974,43869,N
150,149009,150009,24.4428,35.1961,15.6276,ABarp,0.375442,27694.3,D
150,149010,150010,31.7855,43.655,18.7553,ABara,0.236121,30115.8,D
150,149011,150011,35.2035,29.3067,19.1339,ABpra,0.652686,68286.8,N
151,150001,151000,28.2093,33.1232,6.21445,ABplp,0.666068,40627.1,N
151,150000,151001,35.1215,21.948,5.31247,E,0.772624,114617,N
151,150002,151002,33.6953,45.8878,8.67614,ABalp,0.585419,41640.2,N
151,150004,151003,21.422,41.5849,8.27661,ABpla,0.614769,23671.6,N
151,150003,151004,37.8139,35.4664,9.91921,MS,0.762393,213533,N
151,150005,151005,34.0817,13.5368,9.47061,P3,0.841116,56421.4,N
151,150006,151006,23.0681,20.4002,12.635,C,0.78529,44689.3,N
151,150007,151007,27.6836,54.1581,12.832,ABala,0.492761,9285.78,N
151,150008,151008,37.688,23.8324,14.6147,ABprp,0.586924,47204.8,N
151,150009,151009,25.7465,36.4276,15.7614,ABarp,0.731335,21699.8,N
151,150010,151010,30.9285,43.1955,17.6689,ABara,0.547228,47743.4,D
151,150011,151011,34.692,29.4775,19.2381,ABpra,0.74997,64743.5,N
152,151001,152000,35.3215,21.9279,5.56388,E,0.765453,110723,N
152,151000,152001,28.0677,33.049,6.26215,ABplp,0.712445,44190.2,N
152,151003,152002,21.0666,42.168,8.16615,ABpla,0.663597,31252.4,N
152,151004,152003,38.115,35.1041,9.98518,MS,0.732313,196864,N
152,151002,152004,33.3346,45.1012,8.79469,ABalp,0.691141,36836.7,N
152,151005,152005,33.9327,13.4567,9.69372,P3,0.83888,62410.9,N
152,151006,152006,23.3179,20.4372,12.736,C,0.762597,46942.8,N
152,151007,152007,27.6893,54.0755,12.8305,ABala,0.548689,15097.4,N
152,151008,152008,38.1734,22.7938,13.715,ABprp,0.597996,57572.8,N
152,151009,152009,25.0147,35.9042,15.1663,ABarp,0.599849,35032.9,N
152,151010,152010,31.6576,43.5797,18.1674,ABara,0.475791,45746.9,D
152,151011,152011,33.788,29.7758,20.3595,ABpra,0.704926,102336,N
153,152000,153000,35.3777,21.8844,5.5184,E,0.803332,117572,N
153,152001,153001,27.9294,32.8345,6.16696,ABplp,0.709764,41605.6,N
153,152002,153002,21.0905,42.7643,7.91483,ABpla,0.711564,39273.1,N
153,152004,153003,33.4784,44.7716,8.30783,ABalp,0.782153,47797.8,N
153,152003,153004,38.2698,35.048,9.72229,MS,0.712343,176435,N
153,152005,153005,33.8371,13.1306,10.2029,P3,0.791382,61788.2,N
153,152006,153006,23.1772,20.7266,12.8099,C,0.798596,50550.4,N
153,152007,153007,27.6072,53.7867,12.6861,ABala,0.696826,13639.6,N
153,152008,153008,37.9312,22.7014,13.7402,ABprp,0.604898,66062.9,N
153,152009,153009,24.3466,36.0043,15.0589,ABarp,0.538556,38344,N
153,152010,153010,31.9317,43.8626,18.3742,ABara,0.581717,47867,N
153,152011,153011,33.6796,30.2207,20.1353,ABpra,0.70847,77898.7,N
154,153000,154000,35.491,22.1224,5.51509,E,0.788829,118471,N
154,153001,154001,28.1892,32.586,6.08202,ABplp,0.714795,37839.9,N
154,153002,154002,20.9362,42.7389,7.98036,ABpla,0.76633,38516.9,N
154,153003,154003,33.2628,44.752,8.09923,ABalp,0.72927,42653.3,N
154,153004,154004,38.1516,34.6657,9.94923,MS,0.737624,160354,N
154,153005,154005,34.0653,13.5012,10.3017,P3,0.792213,60142.6,N
154,153006,154006,23.2458,20.7223,12.6588,C,0.829538,55457.7,N
154,153009,154007,24.4854,37.1719,14.2679,ABarp,0.578602,31059.7,N
154,153007,154008,27.5352,54.1175,13.1427,ABala,0.665457,14761.4,N
154,153008,154009,38.0024,22.8234,13.5065,ABprp,0.554634,68840.3,N
154,153010,154010,31.6262,43.4369,17.8236,ABara,0.586082,56006.2,N
154,153011,154011,32.7362,30.1025,20.54,ABpra,0.674355,109092,N
155,154001,155000,28.0372,32.0815,5.52666,ABplp,0.734596,43799.8,N
155,154000,155001,35.9848,22.0737,5.97059,E,0.78614,109892,N
155,154002,155002,20.6912,42.3641,7.7238,ABpla,0.748412,31687.3,N
155,154003,155003,33.1833,44.4273,7.998,ABalp,0.736524,49122.2,N
155,154004,155004,37.9068,35.0568,9.78391,MS,0.709858,141511,N
155,154005,155005,33.687,13.3913,10.6443,P3,0.796554,60305.7,N
155,154006,155006,23.8047,21.6865,12.3175,C,0.759444,60730.7,N
155,154008,155007,26.5287,54.7456,12.6791,ABala,0.677579,27378,N
155,154007,155008,24.5789,36.7529,14.3411,ABarp,0.658318,30891.6,N
155,154009,155009,38.4959,22.4213,13.5797,ABprp,0.622077,81442,N
155,154010,155010,31.6831,43.2202,17.9053,ABara,0.659764,55334.1,N
155,154011,155011,32.1094,30.2349,19.8771,ABpra,0.676989,60290.8,N
156,155000,156000,27.871,32.2714,5.60039,ABplp,0.736559,37128.3,N
156,155001,156001,35.9988,22.2738,6.10788,E,0.792148,99484.8,N
156,155002,156002,20.9045,42.8411,7.74582,ABpla,0.786962,38487.3,N
156,155003,156003,33.2156,44.6549,7.83656,ABalp,0.777378,46601.9,N
156,155004,156004,37.666,35.0233,10.7834,MS,0.655606,161609,N
156,155005,156005,33.5857,13.6388,10.714,P3,0.784844,55848.1,N
156,155006,156006,23.5404,21.6562,11.8899,C,0.782922,60607.1,N
156,155007,156007,26.5068,54.9431,12.7709,ABala,0.678398,23982.9,N
156,155008,156008,23.7922,37.1263,13.7961,ABarp,0.527323,29918.1,N
156,155009,156009,38.3201,21.8173,13.7505,ABprp,0.604183,63152.2,N
156,155010,156010,31.9072,43.6488,17.8255,ABara,0.576311,42361.7,N
156,155011,156011,31.5759,30.7004,20.6347,ABpra,0.674783,91815,N
157,156000,157000,28.3788,32.3606,5.58906,ABplp,0.78785,48079.5,N
157,156001,157001,36.2489,22.8512,6.05697,E,0.745119,99825.8,N
157,156002,157002,20.7078,42.9631,7.66629,ABpla,0.820581,41062,N
157,156003,157003,32.7024,44.8708,7.6627,ABalp,0.763102,47165.2,N
157,156004,157004,37.6797,34.9313,10.0443,MS,0.487303,125202,D
157,156005,157005,33.5546,13.5966,10.7771,P3,0.775381,50550.4,N
157,156006,157006,24.1356,21.7096,11.7955,C,0.752158,64392.6,N
157,156007,157007,26.4135,55.0187,12.9906,ABala,0.604045,22109.9,N
157,156008,157008,23.6537,37.0559,14.3235,ABarp,0.631057,30496.3,N
157,156009,157009,38.2703,22.0313,14.1264,ABprp,0.664806,79129.3,N
157,156010,157010,31.6019,43.4028,17.8704,ABara,0.503554,39539.9,N
157,156011,157011,31.2719,30.2681,20.2879,ABpra,0.694779,83463.3,N
158,157000,158000,28.8735,32.0989,4.94573,ABplp,0.788635,44130.9,N
158,157001,158001,36.4179,22.9556,6.17743,E,0.719689,103898,N
158,157002,158002,20.5911,42.1459,7.81127,ABpla,0.771433,38848.1,N
158,157003,158003,32.3386,45.2264,7.69907,ABalp,0.774457,31079.4,N
158,157004,158004,37.3175,34.5537,10.1784,MS,0.397738,121659,D
158,157005,158005,33.2862,13.657,10.5344,P3,0.80722,50802.4,N
158,157006,158006,24.2754,21.8771,11.3626,C,0.754322,69413.5,N
158,157007,158007,26.3408,54.6495,12.4779,ABala,0.731286,28608.5,N
158,157008,158008,23.6906,36.159,14.3669,ABarp,0.608483,39999.5,N
158,157009,158009,38.1845,22.3186,14.7427,ABprp,0.67771,55042.6,N
158,157010,158010,31.9177,43.954,18.0935,ABara,0.563164,36174.5,N
158,157011,158011,30.9142,30.8124,21.0575,ABpra,0.659857,88004.9,N
159,158000,159000,29.1049,31.9566,4.84671,ABplp,0.813392,49784.4,N
159,158001,159001,36.4942,22.2548,6.69322,E,0.676142,100794,N
159,158003,159002,31.8246,45.2819,7.80893,ABalp,0.769995,49502.7,N
159,158002,159003,20.4892,42.2606,8.32822,ABpla,0.706237,32003.6,N
159,158004,159004,37.3506,35.2188,10.3135,MS,0.369927,114528,D
159,158005,159005,32.9041,13.7245,10.5327,P3,0.804657,52887.9,N
159,158006,159006,24.1905,21.9815,11.119,C,0.721151,58729.2,N
159,158007,159007,26.0958,54.6894,12.8203,ABala,0.523221,16575,N
159,158009,159008,38.2629,21.4355,14.7602,ABprp,0.707469,83048.2,N
159,158008,159009,23.6712,35.8608,14.6028,ABarp,0.650359,31988.7,N
159,158010,159010,31.97,43.5919,18.059,ABara,0.612023,46671,N
159,158011,159011,30.8317,30.9871,19.9133,ABpra,0.608947,73347.3,N
160,159000,160000,29.7609,31.5706,4.6602,ABplp,0.811806,54642.3,N
160,159001,160001,35.9191,22.1297,6.65123,E,0.539255,85311.5,N
160,159002,160002,31.2845,45.7176,7.77134,ABalp,0.720332,40439.3,N
160,159003,160003,20.6469,42.3528,8.95757,ABpla,0.689713,27664.6,N
160,159004,160004,37.1298,35.4198,10.8159,MS,0.318421,119499,D
160,159005,160005,32.417,13.8115,10.4358,P3,0.822996,57681.5,N
160,159006,160006,24.0444,22.4229,11.501,C,0.747132,62623.4,N
160,159007,160007,25.7402,55.1074,12.539,ABala,0.611075,15354.4,N
160,159008,160008,38.2196,20.8548,14.7169,ABprp,0.782899,95990.9,N
160,159009,160009,23.2961,35.1421,14.7081,ABarp,0.667193,35596.3,N
160,159011,160010,30.4233,30.9692,18.9841,ABpra,0.581667,78106.3,N
160,159010,160011,32.1715,44.1742,18.0802,ABara,0.638832,50634.4,N
161,160000,161000,29.9227,31.488,4.8942,ABplp,0.804607,63068.2,N
161,160001,161001,36.2182,22.1534,6.58977,E,0.393641,72492.3,D
161,160002,161002,30.2209,46.1032,7.50439,ABalp,0.760776,47269,N
161,160004,161003,37.2678,35.9204,11.184,MS,0.28471,130856,D
161,160003,161004,20.2876,41.3081,9.41829,ABpla,0.679788,29473.3,N
161,160005,161005,32.5566,13.5078,10.3138,P3,0.802964,58773.7,N
161,160006,161006,24.4541,22.1608,11.0146,C,0.743881,61872.2,N
161,160007,161007,25.3847,54.9993,12.7414,ABala,0.647481,23874.2,N
161,160009,161008,23.5081,35.5835,14.592,ABarp,0.703441,47353,N
161,160008,161009,38.5129,20.7394,14.9877,ABprp,0.805835,94607.2,N
161,160011,161010,32.461,44.3784,18.2593,ABara,0.597424,40992.8,N
161,160010,161011,30.1474,31.226,19.938,ABpra,0.471101,56268.2,N
162,161000,162000,30.3842,31.1675,4.74643,ABplp,0.777388,57241.7,N
162,161002,162001,30.1441,46.3831,7.60968,ABalp,0.71516,47852.1,N
162,161001,162002,36.4719,21.965,6.9876,E,0.330726,62608.6,D
162,161003,162003,36.9613,40.1028,9.44476,MSa,0.6467,50856.8,N
162,161004,162004,20.2627,41.0756,8.87081,ABpla,0.700106,33278.6,N
162,161006,162005,24.4944,22.1471,11.0143,C,0.740886,64358,N
162,161005,162006,32.2814,13.6382,10.9331,P3,0.833338,54335.9,N
162,161007,162007,24.7495,54.0947,12.4703,ABala,0.542927,15749.7,N
162,161003,162008,37.0087,32.2572,13.2836,MSp,0.681194,56910.6,N
162,161009,162009,38.5081,21.0517,14.4879,ABprp,0.753471,106176,N
162,161008,162010,23.2588,35.0967,14.3402,ABarp,0.663384,45045.2,N
162,161010,162011,32.4936,45.0177,18.5266,ABara,0.561372,44773.4,N
162,161011,162012,29.9052,31.391,19.6807,ABpra,0.599434,92902.3,N
163,162000,163000,30.2258,30.9363,4.80713,ABplp,0.81351,53915.8,N
163,162001,163001,30.2049,46.1136,7.31821,ABalp,0.785876,44723.9,N
163,162002,163002,36.0526,21.1987,7.27758,E,0.229513,48687.3,D
163,162004,163003,19.9236,41.6094,8.59863,ABpla,0.71108,32898,N
163,162003,163004,37.2066,40.5534,9.46658,MSa,0.652486,49403.9,N
163,162005,163005,24.2823,22.5518,11.5339,C,0.760356,72571.4,N
163,162006,163006,32.271,13.9835,11.5903,P3,0.82781,62727.2,N
163,162007,163007,24.6476,54.0543,12.6679,ABala,0.665285,20647.1,N
163,162009,163008,38.2813,21.528,14.8682,ABprp,0.721779,107145,N
163,162008,163009,37.0393,32.096,13.8857,MSp,0.505726,50219.3,N
163,162010,163010,22.8798,34.6785,14.7244,ABarp,0.605812,36965.2,N
163,162011,163011,32.7203,45.8001,18.7301,ABara,0.759427,58961.5,N
163,162012,163012,29.6397,30.9959,20.369,ABpra,0.725242,71652.2,N
164,163000,164000,29.998,30.5509,5.05038,ABplp,0.798091,61145.8,N
164,163001,164001,30.6377,46.3015,7.27283,ABalp,0.788011,43592.3,N
164,163002,164002,38.3972,27.3515,6.95377,Ea,0.489966,17336.1,D
164,163003,164003,20.239,41.2189,8.46598,ABpla,0.749736,37533.5,N
164,163002,164004,35.444,18.8232,7.41248,Ep,0.403226,38344,D
164,163004,164005,37.5722,40.627,9.91125,MSa,0.662505,60888.8,N
164,163005,164006,24.6394,22.7827,11.4441,C,0.760324,85262.1,N
164,163006,164007,32.1347,13.6763,11.5907,P3,0.832177,63656.3,N
164,163007,164008,24.3482,53.7882,12.2286,ABala,0.749057,31143.7,N
164,163010,164009,22.7067,35.0067,14.6441,ABarp,0.587154,35131.8,N
164,163009,164010,37.6539,32.5899,13.9984,MSp,0.524614,55596.1,N
164,163008,164011,37.8318,21.5636,14.716,ABprp,0.722122,76109.8,N
164,163011,164012,32.4918,45.7917,18.548,ABara,0.671613,52991.7,N
164,163012,164013,29.983,31.0012,20.8071,ABpra,0.687492,60340.3,N
165,164000,165000,30.1463,31.0672,5.25181,ABplp,0.814747,64679.2,N
165,164002,165001,38.5672,26.9799,6.50856,Ea,0.506792,19233.8,N
165,164001,165002,30.53,46.5002,7.18879,ABalp,0.741868,42979.5,N
165,164003,165003,20.1245,40.6216,8.32381,ABpla,0.698827,39866.1,N
165,164004,165004,34.855,17.8709,7.5114,Ep,0.551433,40128,N
165,164005,165005,37.0241,41.0954,9.71993,MSa,0.663667,58645.2,N
165,164006,165006,24.6923,23.3544,11.4024,C,0.708157,60419.3,N
165,164008,165007,24.6431,53.3201,11.9299,ABala,0.591367,15833.8,N
165,164007,165008,31.8407,13.8331,11.7335,P3,0.832505,61254.5,N
165,164011,165009,37.3988,21.854,14.367,ABprp,0.706985,96840.9,N
165,164010,165010,38.3931,32.7185,14.014,MSp,0.594582,58907.1,N
165,164009,165011,22.7555,34.9919,14.8168,ABarp,0.636703,40992.8,N
165,164012,165012,32.8965,45.6567,18.6671,ABara,0.671129,50560.3,N
165,164013,165013,30.0553,31.5891,21.0076,ABpra,0.665478,51044.6,N
166,165000,166000,30.4443,30.9219,5.17301,ABplp,0.810089,67792.6,N
166,165002,166001,31.1242,46.1356,7.02434,ABalp,0.691225,45994,N
166,165001,166002,38.8069,27.0547,6.37034,Ea,0.545722,27793.1,N
166,165004,166003,34.3882,17.6811,7.43055,Ep,0.539056,36021.3,N
166,165003,166004,20.4336,40.5926,8.43791,ABpla,0.711064,36312.9,N
166,165005,166005,37.1738,40.8354,9.45023,MSa,0.696218,49779.5,N
166,165006,166006,24.7196,23.7559,11.6297,C,0.723857,88573.2,N
166,165007,166007,24.8699,53.6784,12.4205,ABala,0.76179,27980.9,N
166,165008,166008,31.4001,14.2418,12.2141,P3,0.81681,61644.9,N
166,165010,166009,38.2267,32.1871,13.8342,MSp,0.633536,78481.9,N
166,165011,166010,22.4056,34.7903,14.6668,ABarp,0.638224,48435.3,N
166,165009,166011,37.0592,21.8113,14.9949,ABprp,0.766546,91617.4,N
166,165012,166012,33.3711,45.691,18.2694,ABara,0.726205,53772.5,N
166,165013,166013,29.8754,31.6859,21.2328,ABpra,0.553588,60419.3,N
167,166000,167000,30.6361,31.0716,5.44088,ABplp,0.793092,62292.3,N
167,166002,167001,39.3311,26.7494,5.52037,Ea,0.579362,24150.9,N
167,166001,167002,30.993,45.7173,6.90966,ABalp,0.722217,38171,N
167,166003,167003,34.3762,18.4773,7.2737,Ep,0.491917,27323.6,N
167,166005,167004,37.0052,40.7288,9.12344,MSa,0.727875,52700.1,N
167,166004,167005,20.4426,40.5737,8.34371,ABpla,0.762202,45391.1,N
167,166006,167006,24.3851,24.163,11.5793,C,0.628357,82479.8,N
167,166008,167007,30.9758,14.1263,12.0539,P3,0.790916,54676.9,N
167,166007,167008,25.1325,53.6402,12.3981,ABala,0.769655,26938.1,N
167,166009,167009,38.1036,32.0188,14.0531,MSp,0.555589,61106.2,N
167,166010,167010,22.6918,35.018,14.7491,ABarp,0.658049,49399,N
167,166011,167011,37.1487,22.0921,15.3265,ABprp,0.745544,131681,N
167,166012,167012,33.5954,45.7991,18.4579,ABara,0.567859,29814.3,N
167,166013,167013,30.1624,31.998,20.2482,ABpra,0.622942,57651.9,N
168,167000,168000,31.0747,31.043,5.27587,ABplp,0.798478,69576.6,N
168,167001,168001,39.3973,27.1401,6.00767,Ea,0.602919,32453.3,N
168,167002,168002,30.7763,45.7635,6.6869,ABalp,0.755861,40607.4,N
168,167005,168003,20.4284,40.5045,8.38493,ABpla,0.694473,30387.6,N
168,167003,168004,33.7803,17.8914,7.38649,Ep,0.497519,30357.9,N
168,167004,168005,36.7108,40.9017,9.19352,MSa,0.732847,44378,N
168,167006,168006,25.0782,24.4719,11.7058,C,0.717624,91538.3,N
168,167007,168007,30.9361,14.2934,12.227,P3,0.760146,60656.5,N
168,167009,168008,37.773,31.7288,13.6382,MSp,0.630796,77918.5,N
168,167010,168009,23.1526,34.6,14.8337,ABarp,0.68318,52082.4,N
168,167008,168010,25.4152,54.5399,12.7142,ABala,0.70494,32591.6,N
168,167011,168011,37.5053,21.651,14.6912,ABprp,0.731402,131983,N
168,167012,168012,33.9684,45.8609,18.3951,ABara,0.65923,39614,N
168,167013,168013,29.7486,31.5648,21.2904,ABpra,0.52864,48504.5,N
169,168000,169000,31.2213,31.3185,4.6149,ABplp,0.77702,57592.6,N
169,168002,169001,30.6654,45.8688,6.79638,ABalp,0.729549,37518.7,N
169,168001,169002,39.0606,27.0327,6.2408,Ea,0.709074,27719,N
169,168003,169003,20.5343,40.5056,8.2125,ABpla,0.726883,37958.5,N
169,168004,169004,33.8849,17.9048,7.488,Ep,0.575852,32502.7,N
169,168005,169005,37.0645,41.2269,8.84096,MSa,0.75928,41319,N
169,168006,169006,25.1575,24.4703,11.8503,C,0.684143,104659,N
169,168007,169007,30.891,14.3149,11.9545,P3,0.810538,67461.5,N
169,168008,169008,37.7102,32.1372,12.9118,MSp,0.658057,71439.7,N
169,168011,169009,37.8039,21.6779,14.4856,ABprp,0.762112,127728,N
169,168009,169010,22.8412,34.5792,14.7424,ABarp,0.694131,53431.5,N
169,168010,169011,24.8527,54.2849,12.6685,ABala,0.758224,39035.8,N
169,168012,169012,33.8141,46.5013,18.1051,ABara,0.683317,43794.9,N
169,168013,169013,29.6298,31.5981,20.6809,ABpra,0.659523,55428,N
170,169000,170000,31.0882,31.3339,4.67656,ABplp,0.792342,52601.3,N
170,169001,170001,30.8703,45.762,6.6912,ABalp,0.803302,42608.8,N
170,169002,170002,39.0865,27.1659,6.68574,Ea,0.751558,29636.4,N
170,169005,170003,36.9663,41.9357,8.65076,MSa,0.806409,51800.7,N
170,169003,170004,19.9424,40.4989,8.55171,ABpla,0.746256,32562,N
170,169004,170005,33.7035,18.1613,7.72383,Ep,0.619214,41877.4,N
170,169006,170006,25.1503,24.6235,11.5511,C,0.667955,97399.4,N
170,169007,170007,30.353,14.2522,11.8854,P3,0.798228,65341.4,N
170,169011,170008,25.0352,53.9568,12.4468,ABala,0.781973,36520.4,N
170,169008,170009,37.4344,31.2996,13.6136,MSp,0.661703,70406.8,N
170,169010,170010,23.1442,34.3654,14.692,ABarp,0.745461,51405.4,N
170,169009,170011,38.1507,21.242,14.5736,ABprp,0.826449,116455,N
170,169012,170012,34.0779,46.1633,17.4918,ABara,0.667275,44630,N
170,169013,170013,29.8401,31.4441,20.1288,ABpra,0.709777,87352.5,N
171,170000,171000,31.5176,31.2984,4.07342,ABplp,0.837619,59460.6,N
171,170001,171001,31.0909,45.9176,6.71342,ABalp,0.803971,49739.9,N
171,170002,171002,39.199,27.3622,7.10063,Ea,0.666948,31909.7,N
171,170004,171003,20.1766,40.0254,8.4602,ABpla,0.794256,47249.2,N
171,170005,171004,33.1027,17.9808,7.60201,Ep,0.66199,32379.1,N
171,170003,171005,36.9084,42.4207,8.64671,MSa,0.767179,47911.4,N
171,170006,171006,24.9747,24.172,11.1599,C,0.479094,69517.3,D
171,170007,171007,30.2447,14.2381,11.8231,P3,0.786649,60236.5,N
171,170009,171008,37.5921,30.9632,13.1264,MSp,0.628777,69947.3,N
171,170008,171009,24.7617,53.5095,12.3742,ABala,0.673195,22441,N
171,170010,171010,22.558,33.9827,14.5981,ABarp,0.658012,40587.6,N
171,170011,171011,38.4115,21.072,14.9239,ABprp,0.74922,106809,N
171,170012,171012,33.9843,46.773,17.8664,ABara,0.533433,33669,N
171,170013,171013,30.3915,31.6404,20.3471,ABpra,0.626063,73638.8,N
172,171000,172000,31.1212,31.6272,4.02546,ABplp,0.843719,52675.4,N
172,171001,172001,31.1157,46.1762,6.80792,ABalp,0.785636,41328.9,N
172,171004,172002,33.1038,17.72,7.78904,Ep,0.806615,42658.2,N
172,171002,172003,39.6835,27.2439,7.09385,Ea,0.669409,28415.8,N
172,171003,172004,20.7821,40.5347,8.54349,ABpla,0.755579,44575.7,N
172,171005,172005,36.614,41.8197,8.97069,MSa,0.717927,42742.3,N
172,171006,172006,25.5751,24.478,11.3305,C,0.306097,55946.9,D
172,171007,172007,30.1285,14.3016,11.8149,P3,0.821376,51934.1,N
172,171008,172008,37.4388,30.4559,13.435,MSp,0.5918,59524.8,N
172,171009,172009,24.844,53.4038,12.5834,ABala,0.726157,24343.7,N
172,171010,172010,22.264,34.0259,14.5842,ABarp,0.66336,41071.9,N
172,171011,172011,38.4169,20.5188,15.2751,ABprp,0.766385,96257.8,N
172,171012,172012,34.3834,46.8368,17.6913,ABara,0.578998,39974.8,N
172,171013,172013,30.8131,31.8201,20.3861,ABpra,0.619337,59851,N
173,172000,173000,31.0369,31.4702,4.07089,ABplp,0.781089,53678.6,N
173,172001,173001,31.3002,46.2823,6.87237,ABalp,0.789544,41437.6,N
173,172004,173002,20.6215,40.6139,8.74818,ABpla,0.639371,33416.9,N
173,172002,173003,33.4098,17.6188,7.28033,Ep,0.667229,36347.5,N
173,172003,173004,39.6695,27.8058,7.37741,Ea,0.789544,36288.2,N
173,172005,173005,36.9185,42.9329,8.64121,MSa,0.680397,37919,N
173,172006,173006,25.8182,22.6733,11.6992,C,0.300382,41798.4,D
173,172007,173007,30.5425,14.2371,11.7379,P3,0.842852,61585.6,N
173,172008,173008,37.1167,30.1891,13.374,MSp,0.600978,73174.3,N
173,172009,173009,24.4657,53.8061,13.0894,ABala,0.74688,31301.8,N
173,172010,173010,22.6504,34.4083,13.9989,ABarp,0.693465,58773.7,N
173,172011,173011,38.4029,20.4412,15.2944,ABprp,0.825195,136277,N
173,172012,173012,34.4808,47.2066,18.4072,ABara,0.715269,48173.4,N
173,172013,173013,31.0585,31.5504,19.3565,ABpra,0.605831,77320.5,N
174,173000,174000,31.0379,31.9285,3.8141,ABplp,0.801025,58373.4,N
174,173001,174001,31.3958,46.7821,6.67236,ABalp,0.766458,38615.8,N
174,173003,174002,33.6877,17.7291,7.10551,Ep,0.706751,40444.3,N
174,173002,174003,21.2602,40.4665,9.00998,ABpla,0.680179,38996.3,N
174,173004,174004,39.6316,27.6532,7.8093,Ea,0.692938,32947.5,N
174,173005,174005,36.6908,42.632,8.69475,MSa,0.704547,38260,N
174,173006,174006,25.7802,24.0855,11.0263,C,0.274732,52828.6,D
174,173007,174007,31.0161,14.0817,11.0943,P3,0.840723,50421.9,N
174,173009,174008,24.5097,52.8661,12.672,ABala,0.682282,25727.4,N
174,173008,174009,37.6574,30.4999,13.1967,MSp,0.548875,50021.6,N
174,173010,174010,22.2056,34.7246,13.6336,ABarp,0.598206,27689.3,N
174,173011,174011,38.1224,20.611,15.6275,ABprp,0.783151,110797,N
174,173012,174012,34.4469,46.8043,18.7473,ABara,0.759336,48692.3,N
174,173013,174013,30.8134,31.1921,19.8655,ABpra,0.631652,77617,N
175,174000,175000,30.7342,32.4099,3.92809,ABplp,0.80555,54958.6,N
175,174001,175001,31.5048,47.7633,6.79908,ABalp,0.712747,27417.5,N
175,174002,175002,34.0691,18.1014,7.22796,Ep,0.707908,22959.9,N
175,174004,175003,39.6324,27.9966,7.51724,Ea,0.779903,28989,N
175,174003,175004,21.5403,40.989,8.77742,ABpla,0.69636,44620.2,N
175,174005,175005,36.7662,42.3409,8.90835,MSa,0.699787,34306.5,N
175,174006,175006,25.6556,22.9727,11.3862,C,0.158055,45766.7,D
175,174007,175007,31.5855,13.8965,11.0404,P3,0.821697,57533.3,N
175,174009,175008,37.1074,31.3383,13.668,MSp,0.692282,61635,N
175,174008,175009,24.5388,53.0907,13.102,ABala,0.715543,38428,N
175,174010,175010,21.7276,34.7585,14.7711,ABarp,0.709357,48123.9,N
175,174011,175011,37.5678,20.9675,15.9333,ABprp,0.80049,110115,N
175,174012,175012,33.792,46.2254,18.8487,ABara,0.670622,47733.5,N
175,174013,175013,30.3521,30.922,19.9766,ABpra,0.677303,78798.1,N
176,175000,176000,30.8639,32.6802,3.78197,ABplp,0.754359,60943.2,N
176,175003,176001,39.9262,27.7147,7.28341,Ea,0.812796,29972.5,N
176,175002,176002,33.7142,18.0714,6.94895,Ep,0.703798,25144.2,N
176,175004,176003,21.7756,41.367,8.61818,ABpla,0.702028,48390.8,N
176,175001,176004,31.7724,48.3307,7.63895,ABalp,0.730734,30362.9,N
176,175005,176005,36.9767,41.8329,9.33171,MSa,0.767867,37553.3,N
176,175006,176006,25.0498,29.2237,9.44708,Ca,0.257022,13446.8,D
176,175007,176007,31.7732,13.7968,11.0662,P3,0.804267,55739.4,N
176,175008,176008,37.5318,31.4336,13.8305,MSp,0.707385,52319.6,N
176,175009,176009,24.8412,53.4142,13.538,ABala,0.568179,30965.8,N
176,175006,176010,25.2411,20.3087,12.8664,Cp,0.65737,14484.6,N
176,175011,176011,37.6302,21.5514,15.6589,ABprp,0.734186,104007,N
176,175010,176012,21.6902,35.2099,15.5444,ABarp,0.771966,65237.7,N
176,175012,176013,33.5946,45.9858,18.7166,ABara,0.749337,77108,N
176,175013,176014,30.9147,29.9403,20.2329,ABpra,0.577068,112111,N
177,176000,177000,30.8974,33.4029,3.75049,ABplp,0.799206,60641.7,N
177,176002,177001,33.822,18.3247,6.81106,Ep,0.772497,33673.9,N
177,176003,177002,22.2168,41.5161,8.49728,ABpla,0.736042,50293.4,N
177,176001,177003,40.0052,28.426,7.51891,Ea,0.672768,23380,N
177,176004,177004,32.1528,48.0564,7.97078,ABalp,0.7037,34504.1,N
177,176006,177005,24.949,28.7354,9.80381,Ca,0.428128,27462,D
177,176005,177006,37.454,41.6757,9.61806,MSa,0.830764,44649.8,N
177,176007,177007,31.932,13.9548,11.0739,P3,0.818954,62139.1,N
177,176008,177008,37.3544,31.5882,13.5506,MSp,0.645649,50382.4,N
177,176011,177009,37.9855,21.7963,15.3295,ABprp,0.785829,120122,N
177,176010,177010,25.3881,19.6948,12.7574,Cp,0.564358,15902.9,N
177,176012,177011,21.9565,35.7777,15.1381,ABarp,0.723243,63305.4,N
177,176009,177012,24.9454,53.4496,13.6702,ABala,0.626291,21428,N
177,176013,177013,33.3158,45.4879,19.465,ABara,0.650765,67520.8,N
177,176014,177014,30.072,30.2037,19.7932,ABpra,0.532976,65499.6,N
178,177000,178000,30.9767,33.9592,3.58494,ABplp,0.836434,65988.8,N
178,177001,178001,33.3667,19.2524,6.62105,Ep,0.769524,35433.2,N
178,177002,178002,22.1338,41.6384,8.60567,ABpla,0.776663,50891.4,N
178,177004,178003,32.2089,47.9881,7.98386,ABalp,0.706841,37177.7,N
178,177003,178004,39.5475,28.8669,7.60829,Ea,0.669244,28850.6,N
178,177005,178005,25.0055,28.9881,9.59409,Ca,0.417198,20004.7,D
178,177007,178006,32.3235,14.1142,10.6989,P3,0.79361,60251.3,N
178,177006,178007,37.5819,41.3973,10.078,MSa,0.783478,44911.7,N
178,177008,178008,37.1695,31.6477,12.9978,MSp,0.678747,64456.8,N
178,177010,178009,25.4784,19.3171,12.4903,Cp,0.412629,16209.3,N
178,177012,178010,25.1273,53.0014,13.296,ABala,0.693608,36569.9,N
178,177011,178011,22.1838,35.9117,15.8082,ABarp,0.555066,44719,N
178,177009,178012,38.2332,21.8844,15.6565,ABprp,0.760219,122618,N
178,177013,178013,33.0817,45.404,19.1024,ABara,0.683331,76692.9,N
178,177014,178014,30.5332,29.9649,20.3845,ABpra,0.643619,103478,N
179,178000,179000,30.8726,33.7908,3.71949,ABplp,0.766635,63419,N
179,178001,179001,33.3433,19.0469,6.40648,Ep,0.774539,35364,N
179,178003,179002,32.2897,48.775,7.96004,ABalp,0.754855,42500.1,N
179,178004,179003,39.6004,28.5222,7.55814,Ea,0.713379,31079.4,N
179,178002,179004,22.3173,41.9876,8.68379,ABpla,0.726484,46162,N
179,178005,179005,24.3676,29.7687,9.49055,Ca,0.413152,19718.1,D
179,178006,179006,32.1747,14.2893,10.7528,P3,0.820883,56717.9,N
179,178007,179007,37.6456,40.9293,10.716,MSa,0.737705,36762.6,N
179,178008,179008,37.371,31.7046,13.2045,MSp,0.705428,56480.7,N
179,178009,179009,25.3156,19.5926,12.6288,Cp,0.42631,20098.6,N
179,178010,179010,25.0602,53.2349,13.8238,ABala,0.747203,39248.3,N
179,178011,179011,22.8036,36.5006,16.1744,ABarp,0.628251,41289.3,N
179,178012,179012,37.9711,21.8266,16.0659,ABprp,0.732928,141318,N
179,178013,179013,32.7458,45.4089,19.1485,ABara,0.67974,79761.8,N
179,178014,179014,30.2058,29.6259,19.6083,ABpra,0.670108,79040.3,N
180,179000,180000,30.8647,34.6229,3.74444,ABplp,0.747075,57666.7,N
180,179001,180001,32.9745,18.9157,6.21785,Ep,0.740658,35388.7,N
180,179003,180002,39.5409,28.3376,7.27529,Ea,0.712385,35023,N
180,179002,180003,31.9558,48.1555,7.83533,ABalp,0.746001,47031.8,N
180,179004,180004,22.5022,42.2379,8.62189,ABpla,0.716286,55265,N
180,179006,180005,32.0417,14.2985,10.5677,P3,0.807524,56915.5,N
180,179005,180006,24.8845,29.0766,9.92419,Ca,0.479185,20923.9,D
180,179007,180007,38.3588,41.0705,10.7456,MSa,0.78779,47303.6,N
180,179010,180008,25.0502,53.5824,13.7,ABala,0.763845,40305.9,N
180,179008,180009,37.4575,31.6822,12.7035,MSp,0.743279,50916.1,N
180,179009,180010,25.5349,19.765,12.7483,Cp,0.397159,21526.8,N
180,179012,180011,37.7805,21.831,15.4052,ABprp,0.687762,130999,N
180,179011,180012,22.7727,36.2837,15.9141,ABarp,0.668189,54919,N
180,179013,180013,32.8137,44.8261,19.0531,ABara,0.627852,69260.3,N
180,179014,180014,30.5181,29.8287,20.7071,ABpra,0.636281,125672,N
181,180000,181000,30.849,34.4484,3.91287,ABplp,0.732296,62707.4,N
181,180001,181001,33.509,19.0976,6.16064,Ep,0.735538,35225.7,N
181,180002,181002,39.5508,28.4165,7.41981,Ea,0.757608,37662,N
181,180003,181003,31.9681,48.4267,7.92471,ABalp,0.732165,47862,N
181,180004,181004,22.4013,42.2875,8.67458,ABpla,0.734247,69631,N
181,180005,181005,32.259,14.3241,10.3648,P3,0.753497,54162.9,N
181,180006,181006,24.8748,29.6486,9.89649,Ca,0.575963,9438.98,D
181,180007,181007,38.4508,41.3637,11.1759,MSa,0.759539,39984.7,N
181,180010,181008,25.7503,19.8303,12.9311,Cp,0.648198,27971,N
181,180009,181009,36.9226,31.5722,13.5036,MSp,0.710465,67649.3,N
181,180008,181010,25.1964,53.1468,14.0882,ABala,0.690552,36411.7,N
181,180011,181011,37.9992,22.2757,15.6613,ABprp,0.783232,154883,N
181,180012,181012,22.6763,36.3796,15.9501,ABarp,0.712768,50308.3,N
181,180013,181013,32.7557,44.6906,19.2783,ABara,0.630547,72235.3,N
181,180014,181014,30.2032,30.1707,20.8037,ABpra,0.609941,121624,N
182,181000,182000,31.0522,34.5978,3.94194,ABplp,0.716859,72863,N
182,181001,182001,32.9068,19.3102,5.97524,Ep,0.717382,38171,N
182,181002,182002,39.8645,28.512,7.61167,Ea,0.77512,42495.2,N
182,181004,182003,22.6116,42.2606,8.72087,ABpla,0.709753,64891.7,N
182,181003,182004,31.9329,48.3493,8.18683,ABalp,0.710149,33609.7,N
182,181006,182005,24.4174,29.2916,9.38848,Ca,0.434252,9379.67,D
182,181005,182006,32.2768,14.3015,10.4249,P3,0.800394,50219.3,N
182,181007,182007,38.3611,41.2003,11.0936,MSa,0.799833,45485,N
182,181009,182008,36.9107,31.5586,13.171,MSp,0.725181,65435.3,N
182,181008,182009,26.1207,19.6478,13.5128,Cp,0.662343,39747.5,N
182,181010,182010,25.2732,53.1674,14.1986,ABala,0.678359,41882.4,N
182,181011,182011,38.0955,22.2272,15.379,ABprp,0.768998,168029,N
182,181012,182012,22.834,36.7075,15.9469,ABarp,0.718304,47229.5,N
182,181013,182013,32.7924,44.9172,19.4156,ABara,0.602937,77083.3,N
182,181014,182014,29.9841,30.1173,20.6918,ABpra,0.648502,157745,N
183,182000,183000,31.0781,34.8344,3.89646,ABplp,0.750126,76707.7,N
183,182001,183001,33.174,19.506,6.2548,Ep,0.76733,35225.7,N
183,182002,183002,40.0083,28.3321,7.53425,Ea,0.759285,41358.5,N
183,182004,183003,32.1419,48.6058,8.22332,ABalp,0.750518,46186.7,N
183,182003,183004,22.8033,42.7957,8.72766,ABpla,0.716956,40424.5,N
183,182005,183005,24.5955,29.8377,9.44461,Ca,0.595642,12453.5,N
183,182006,183006,31.7564,14.3273,10.6047,P3,0.77934,52976.9,N
183,182007,183007,38.3491,40.8514,10.8202,MSa,0.756904,54499,N
183,182008,183008,37.1681,31.0516,12.4804,MSp,0.749424,71785.6,N
183,182009,183009,25.7498,19.8783,13.2455,Cp,0.699918,26157.3,N
183,182010,183010,25.4243,53.6701,14.2201,ABala,0.678528,34158.2,N
183,182011,183011,38.0904,22.2572,15.7529,ABprp,0.753443,177265,N
183,182012,183012,22.8648,36.6753,16.2119,ABarp,0.686899,39935.3,N
183,182013,183013,32.7671,44.63,19.5348,ABara,0.627773,79005.7,N
183,182014,183014,30.4963,31.0716,20.2155,ABpra,0.618284,114320,N
184,183000,184000,30.86,34.7531,3.85607,ABplp,0.762087,70713.2,N
184,183001,184001,32.7637,19.6598,6.06032,Ep,0.780621,31529.1,N
184,183002,184002,39.8884,27.4747,7.48623,Ea,0.797403,44165.5,N
184,183003,184003,32.5196,48.888,8.58931,ABalp,0.733472,55917.3,N
184,183004,184004,22.7523,43.0239,8.75822,ABpla,0.756718,46750.1,N
184,183005,184005,24.7169,30.2603,8.93068,Ca,0.56597,9676.19,N
184,183006,184006,31.9075,14.4263,10.5876,P3,0.743623,44076.6,N
184,183007,184007,38.8378,40.7603,10.9207,MSa,0.759434,52952.2,N
184,183008,184008,37.2297,31.0467,12.4052,MSp,0.666276,58946.6,N
184,183010,184009,25.503,53.7006,14.2107,ABala,0.53546,32478,N
184,183009,184010,26.0555,19.5287,13.8883,Cp,0.605067,20716.3,N
184,183011,184011,38.2623,22.3192,15.571,ABprp,0.751423,157690,N
184,183012,184012,22.6053,36.5255,16.4165,ABarp,0.681206,47580.3,N
184,183013,184013,32.4219,44.9683,20.0721,ABara,0.691937,92778.7,N
184,183014,184014,30.6736,31.3161,20.5311,ABpra,0.625474,126235,N
185,184000,185000,30.8411,34.2236,4.21801,ABplp,0.753095,68815.6,N
185,184001,185001,32.0447,19.9443,6.03328,Ep,0.689051,25005.9,N
185,184002,185002,39.577,27.5533,7.22304,Ea,0.786675,39856.2,N
185,184003,185003,32.9651,48.5727,8.44082,ABalp,0.751829,63246.1,N
185,184004,185004,22.5831,43.7439,8.89851,ABpla,0.623993,48628,N
185,184005,185005,24.6442,30.3496,8.75411,Ca,0.642264,12759.9,N
185,184006,185006,31.9378,14.4698,10.7474,P3,0.775208,47041.7,N
185,184007,185007,38.8999,40.2397,11.1299,MSa,0.795457,55704.8,N
185,184008,185008,37.3095,31.5649,13.0344,MSp,0.746996,94108.1,N
185,184012,185009,22.2635,36.5952,16.1811,ABarp,0.675548,50051.3,N
185,184010,185010,25.5795,19.7011,14.5596,Cp,0.65798,26864,N
185,184009,185011,26.1515,53.6567,15.1773,ABala,0.5627,24160.8,N
185,184011,185012,38.0593,21.8514,15.3465,ABprp,0.738705,140320,N
185,184013,185013,32.7964,44.7435,19.8601,ABara,0.730234,95857.5,N
185,184014,185014,30.5131,30.3689,20.1381,ABpra,0.671709,160176,N